objectid,id,st_areashape,st_perimetershape
1,0,4385383.26478844,282741.918507157
2,0,3631101.77246105,200201.637313896
3,1,9541298.89939423,473057.410389914
