objectid,id,st_areashape,st_perimetershape
1,0,11862689.9028508,545882.06141644
2,0,7440817.02125361,344570.864886985
3,1,19327811.0832012,737136.489828926
