objectid,id,st_areashape,st_perimetershape
1,0,5537913.85304784,369002.526358494
2,0,3957806.2888047,241367.158763434
3,1,10491751.9297813,498203.407002122
