objectid,id,st_areashape,st_perimetershape
1,0,8059643.98704031,397287.916161002
2,0,4982111.82140253,244432.948763907
3,1,12782204.3292087,575247.048129473
